Id,FechaHoraEstado,PreparacionEstado,PreparacionTipo,PedidoCodigos,DespachoCodigo,DespachoDescripcion,ClienteId,Codigo,Cliente,Domicilio,ArticuloId,CodigoArticulo,Articulo,Unidades,UnidadesReservada,UnidadesSatisfecha,ContenedorId,Contenedor,ContenedorDetalleId,Lote,Serie,PesoDeclarado,FechaVencimiento,ContenedorUnidades,ControlContenedorId,ControlContenedorFechaHoraEstado,ControlContenedorUsuarioNombre,ControlContenedorUsuarioApellido,TareaId,TareaFechaHoraEstado,TareaUsuarioId,TareaUsuarioNombre,TareaUsuarioApellido,ControlContenedorUsuarioCompleto,TareaUsuarioCompleto
14561456,01/10/2026 06:13:40,2,2,TR 0000  130856,01,CARPINTERIA,2090863,DEP_108,EXIBICION MONTES DE OCA,.,953347,85-168N        ,85-168N - DUCHA MONOC C/TRANSF Y DUCHADOR BLACK WAVE,1,1,0,23823158,CARRO100,186778757,,,,02/04/2032 00:00:00,1,,,,,25077475,01/10/2026 06:26:52,7839,Claudio,Juarez,,Claudio Juarez
14561456,01/10/2026 06:13:40,2,2,TR 0000  130856,01,CARPINTERIA,2090863,DEP_108,EXIBICION MONTES DE OCA,.,951426,20040GR        ,20040GR - PORTA ROLLO GRAFITO LINEA PULSE,2,2,0,23823064,CARRO197,186778777,,,,07/31/2031 00:00:00,2,,,,,25077399,01/10/2026 06:21:31,7636,Kevin,Arce,,Kevin Arce
14561456,01/10/2026 06:13:40,2,2,TR 0000  130856,01,CARPINTERIA,2090863,DEP_108,EXIBICION MONTES DE OCA,.,951439,20050GR        ,20050GR - JABONERA GRAFITO LINEA PULSE   ,2,2,0,23823064,CARRO197,186778577,,,,07/31/2031 00:00:00,2,,,,,25077399,01/10/2026 06:21:31,7636,Kevin,Arce,,Kevin Arce
14561456,01/10/2026 06:13:40,2,2,TR 0000  130856,01,CARPINTERIA,2090863,DEP_108,EXIBICION MONTES DE OCA,.,951453,20060GR        ,20060GR - PORTA VASO Y CEPILLO GRAFITO LINEA PULSE,2,2,0,23823064,CARRO197,186778531,,,,07/31/2031 00:00:00,2,,,,,25077399,01/10/2026 06:21:31,7636,Kevin,Arce,,Kevin Arce
14561456,01/10/2026 06:13:40,2,2,TR 0000  130856,01,CARPINTERIA,2090863,DEP_108,EXIBICION MONTES DE OCA,.,951547,20-174         ,20-174 - COCINA MESADA MONOC. COLORS BLACK,2,2,0,23823064,CARRO197,186778677,,,,07/28/2031 00:00:00,2,,,,,25077399,01/10/2026 06:21:31,7636,Kevin,Arce,,Kevin Arce
14561456,01/10/2026 06:13:40,2,2,TR 0000  130856,01,CARPINTERIA,2090863,DEP_108,EXIBICION MONTES DE OCA,.,951614,21200          ,21200 - ESQUINERO ORGANIZADOR 19x19x7,1,1,0,23823064,CARRO197,186778817,,,,07/27/2031 00:00:00,1,,,,,25077399,01/10/2026 06:21:31,7636,Kevin,Arce,,Kevin Arce
14561456,01/10/2026 06:13:40,2,2,TR 0000  130856,01,CARPINTERIA,2090863,DEP_108,EXIBICION MONTES DE OCA,.,952678,60-203N        ,LAVATORIO MONOCOMANDO BAJO ADRA BLACK                                 ,1,1,0,23823158,CARRO100,186778579,,,,01/06/2032 00:00:00,1,,,,,25077475,01/10/2026 06:26:52,7839,Claudio,Juarez,,Claudio Juarez
14561456,01/10/2026 06:13:40,2,2,TR 0000  130856,01,CARPINTERIA,2090863,DEP_108,EXIBICION MONTES DE OCA,.,952727,61-203N        ,LAVATORIO MONOCOMANDO ALTO ADRA BLACK                                 ,1,1,0,23823158,CARRO100,186778591,,,,02/22/2032 00:00:00,1,,,,,25077475,01/10/2026 06:26:52,7839,Claudio,Juarez,,Claudio Juarez
14561456,01/10/2026 06:13:40,2,2,TR 0000  130856,01,CARPINTERIA,2090863,DEP_108,EXIBICION MONTES DE OCA,.,953154,80-200N        ,80-200N - DUCHA EMB. MONOC. 3 FUNCIONES BLACK FABRIC,1,1,0,23823158,CARRO100,186778663,,,,01/18/2032 00:00:00,1,,,,,25077475,01/10/2026 06:26:52,7839,Claudio,Juarez,,Claudio Juarez
14561456,01/10/2026 06:13:40,2,2,TR 0000  130856,01,CARPINTERIA,2090863,DEP_108,EXIBICION MONTES DE OCA,.,951412,20030GR        ,20030GR - PERCHA GRAFITO LINEA PULSE  ,2,2,0,23823064,CARRO197,186778731,,,,07/31/2031 00:00:00,2,,,,,25077399,01/10/2026 06:21:31,7636,Kevin,Arce,,Kevin Arce
14561456,01/10/2026 06:13:40,2,2,TR 0000  130856,01,CARPINTERIA,2090863,DEP_108,EXIBICION MONTES DE OCA,.,955159,D439           ,D439 - KIT DE DUCHA MANUAL,1,1,0,23823158,CARRO100,186778519,,,,12/16/2031 00:00:00,1,,,,,25077475,01/10/2026 06:26:52,7839,Claudio,Juarez,,Claudio Juarez
14538884,01/10/2026 06:17:06,3,2,0001  216550-1,05,CAMIONETA VIE 2,2094738,TC11    ,TRIPOLI CARLOS L.                                 ,ALVAREZ PRADO E/MENDEZ Y STORN,954914,BCH12          ,BCH12 - BACHA DE APOYAR BLANCA 460x320x140,1,1,1,23799591,300926042456649,186594707,,,,11/10/2031 00:00:00,1,14199293,30/09/2026 13:24:56,Mirko,Hernandez,25054959,30/09/2026 11:04:24,7839,Claudio,Juarez,Mirko Hernandez,Claudio Juarez
14538884,01/10/2026 06:17:06,3,2,0001  216550-1,05,CAMIONETA VIE 2,2094738,TC11    ,TRIPOLI CARLOS L.                                 ,ALVAREZ PRADO E/MENDEZ Y STORN,952618,60-133         ,60-133 - LAVATORIO MONOCOMANDO LUGO,6,6,6,23823076,011026061634977,186607301,,,,07/29/2031 00:00:00,6,14209334,01/10/2026 06:16:34,Maximiliano,Nievas,,,,,,Maximiliano Nievas,
14538884,01/10/2026 06:17:06,3,2,0001  216550-1,05,CAMIONETA VIE 2,2094738,TC11    ,TRIPOLI CARLOS L.                                 ,ALVAREZ PRADO E/MENDEZ Y STORN,951535,20-160         ,20-160 - MONOCOMANDO MESADA COCINA DIQUE,8,8,8,23823078,011026061649924,186607550,,,,07/28/2031 00:00:00,8,14209335,01/10/2026 06:16:49,Maximiliano,Nievas,,,,,,Maximiliano Nievas,
14538884,01/10/2026 06:17:06,3,2,0001  216550-1,05,CAMIONETA VIE 2,2094738,TC11    ,TRIPOLI CARLOS L.                                 ,ALVAREZ PRADO E/MENDEZ Y STORN,951530,20-146         ,20-146 - MONOCOMANDO DE COCINA CR LINEA MOVE,6,6,6,23801092,011026061700943,186607715,,,,11/23/2031 00:00:00,6,14209320,01/10/2026 06:17:00,Maximiliano,Nievas,25056433,30/09/2026 11:33:32,6866,Alejandro,Dure,Maximiliano Nievas,Alejandro Dure
14538884,01/10/2026 06:17:06,3,2,0001  216550-1,05,CAMIONETA VIE 2,2094738,TC11    ,TRIPOLI CARLOS L.                                 ,ALVAREZ PRADO E/MENDEZ Y STORN,951343,1930-70GN      ,1930-70GN - FLEXIBLE P/GAS NATURAL C/PILAR H 1 1/4-M 3/4 30-70,10,10,10,23823065,011026061546301,186606178,,,,07/31/2031 00:00:00,10,14209330,01/10/2026 06:15:46,Maximiliano,Nievas,,,,,,Maximiliano Nievas,
14538884,01/10/2026 06:17:06,3,2,0001  216550-1,05,CAMIONETA VIE 2,2094738,TC11    ,TRIPOLI CARLOS L.                                 ,ALVAREZ PRADO E/MENDEZ Y STORN,951324,19006          ,19006 - SET DE 6 PIEZAS LINEA 19000,1,1,1,23823070,011026061610170,186606731,,,,07/28/2031 00:00:00,1,14209332,01/10/2026 06:16:10,Maximiliano,Nievas,,,,,,Maximiliano Nievas,
14538874,01/10/2026 06:18:47,3,2,0001  216392-1,05,CAMIONETA VIE 2,2094494,SI12    ,ILLIA S.R.L.                                      ,AV. PTE. ILLIA 416,951654,22-178N        ,22-178N - MONOCOMANDO DE COCINA P/AGUA FILTRADA VITA BLACK,8,8,8,23798226,011026061845819,186592975,,,,11/29/2031 00:00:00,8,14209347,01/10/2026 06:18:45,Maximiliano,Nievas,25053547,30/09/2026 11:10:12,6867,Javier,Lescano,Maximiliano Nievas,Javier Lescano
14538876,01/10/2026 06:22:07,3,2,0001  216033-2,05,CAMIONETA VIE 2,2093461,MG25    ,MG PINHEL S.R.L.                                  ,LOS ARRIEROS 695,953334,84-203         ,DUCHA EXT C/COLUMNA Y TRANSF CR ADRA                                  ,2,2,2,23798227,011026062207066,186590516,,,,02/03/2032 00:00:00,2,14209353,01/10/2026 06:22:07,Maximiliano,Nievas,25053547,30/09/2026 11:10:12,6867,Javier,Lescano,Maximiliano Nievas,Javier Lescano
14538889,01/10/2026 06:23:08,3,2,0001  216569-1,05,CAMIONETA VIE 2,2094494,SI12    ,ILLIA S.R.L.                                      ,AV. PTE. ILLIA 416,953120,80-175GR       ,80-175GR - DUCHA EMB C/TRANSF. PULSE GRAFITO C.CERAM,2,2,2,23814819,300926154044897,186605566,,,,10/12/2031 00:00:00,2,14204021,30/09/2026 15:40:44,Maximiliano,Nievas,,,,,,Maximiliano Nievas,
14538889,01/10/2026 06:23:08,3,2,0001  216569-1,05,CAMIONETA VIE 2,2094494,SI12    ,ILLIA S.R.L.                                      ,AV. PTE. ILLIA 416,951512,20-122         ,MONOCOMANDO COCINA CR C/PICO EXTRAIBLE VALENCIA                       ,36,36,36,23823092,300926211845222,186778198,,,,08/06/2031 00:00:00,6,14209349,01/10/2026 06:18:45,Mirko,Hernandez,,,,,,Mirko Hernandez,
14538889,01/10/2026 06:23:08,3,2,0001  216569-1,05,CAMIONETA VIE 2,2094494,SI12    ,ILLIA S.R.L.                                      ,AV. PTE. ILLIA 416,951512,20-122         ,MONOCOMANDO COCINA CR C/PICO EXTRAIBLE VALENCIA                       ,36,36,36,23823095,300926211854037,186778205,,,,08/06/2031 00:00:00,6,14209350,01/10/2026 06:18:54,Mirko,Hernandez,,,,,,Mirko Hernandez,
14538889,01/10/2026 06:23:08,3,2,0001  216569-1,05,CAMIONETA VIE 2,2094494,SI12    ,ILLIA S.R.L.                                      ,AV. PTE. ILLIA 416,951512,20-122         ,MONOCOMANDO COCINA CR C/PICO EXTRAIBLE VALENCIA                       ,36,36,36,23823101,300926211903457,186778216,,,,08/06/2031 00:00:00,6,14209352,01/10/2026 06:19:03,Mirko,Hernandez,,,,,,Mirko Hernandez,
14538889,01/10/2026 06:23:08,3,2,0001  216569-1,05,CAMIONETA VIE 2,2094494,SI12    ,ILLIA S.R.L.                                      ,AV. PTE. ILLIA 416,951512,20-122         ,MONOCOMANDO COCINA CR C/PICO EXTRAIBLE VALENCIA                       ,36,36,36,23823104,300926211911985,186778228,,,,08/06/2031 00:00:00,6,14209356,01/10/2026 06:19:11,Mirko,Hernandez,,,,,,Mirko Hernandez,
14538889,01/10/2026 06:23:08,3,2,0001  216569-1,05,CAMIONETA VIE 2,2094494,SI12    ,ILLIA S.R.L.                                      ,AV. PTE. ILLIA 416,951512,20-122         ,MONOCOMANDO COCINA CR C/PICO EXTRAIBLE VALENCIA                       ,36,36,36,23823106,300926211921206,186778241,,,,08/06/2031 00:00:00,6,14209358,01/10/2026 06:19:21,Mirko,Hernandez,,,,,,Mirko Hernandez,
14538889,01/10/2026 06:23:08,3,2,0001  216569-1,05,CAMIONETA VIE 2,2094494,SI12    ,ILLIA S.R.L.                                      ,AV. PTE. ILLIA 416,951530,20-146         ,20-146 - MONOCOMANDO DE COCINA CR LINEA MOVE,30,30,30,23823135,300926212036102,186778332,,,,11/23/2031 00:00:00,6,14209370,01/10/2026 06:20:36,Mirko,Hernandez,,,,,,Mirko Hernandez,
14538889,01/10/2026 06:23:08,3,2,0001  216569-1,05,CAMIONETA VIE 2,2094494,SI12    ,ILLIA S.R.L.                                      ,AV. PTE. ILLIA 416,951530,20-146         ,20-146 - MONOCOMANDO DE COCINA CR LINEA MOVE,30,30,30,23823137,300926212043789,186778338,,,,11/23/2031 00:00:00,6,14209372,01/10/2026 06:20:43,Mirko,Hernandez,,,,,,Mirko Hernandez,
14538889,01/10/2026 06:23:08,3,2,0001  216569-1,05,CAMIONETA VIE 2,2094494,SI12    ,ILLIA S.R.L.                                      ,AV. PTE. ILLIA 416,951530,20-146         ,20-146 - MONOCOMANDO DE COCINA CR LINEA MOVE,30,30,30,23823141,300926212052443,186778352,,,,11/23/2031 00:00:00,6,14209374,01/10/2026 06:20:52,Mirko,Hernandez,,,,,,Mirko Hernandez,
14538889,01/10/2026 06:23:08,3,2,0001  216569-1,05,CAMIONETA VIE 2,2094494,SI12    ,ILLIA S.R.L.                                      ,AV. PTE. ILLIA 416,951530,20-146         ,20-146 - MONOCOMANDO DE COCINA CR LINEA MOVE,30,30,30,23823144,300926212103558,186778371,,,,11/23/2031 00:00:00,6,14209376,01/10/2026 06:21:03,Mirko,Hernandez,,,,,,Mirko Hernandez,
14538889,01/10/2026 06:23:08,3,2,0001  216569-1,05,CAMIONETA VIE 2,2094494,SI12    ,ILLIA S.R.L.                                      ,AV. PTE. ILLIA 416,951530,20-146         ,20-146 - MONOCOMANDO DE COCINA CR LINEA MOVE,30,30,30,23823148,300926212111754,186579236,,,,11/23/2031 00:00:00,6,14209379,01/10/2026 06:21:11,Mirko,Hernandez,,,,,,Mirko Hernandez,
14538889,01/10/2026 06:23:08,3,2,0001  216569-1,05,CAMIONETA VIE 2,2094494,SI12    ,ILLIA S.R.L.                                      ,AV. PTE. ILLIA 416,951532,20-147         ,20-147 - MONOCOMANDO DE COCINA SWIFT,40,40,40,23823111,300926211942791,186778265,,,,02/19/2032 00:00:00,10,14209360,01/10/2026 06:19:42,Mirko,Hernandez,,,,,,Mirko Hernandez,
14538889,01/10/2026 06:23:08,3,2,0001  216569-1,05,CAMIONETA VIE 2,2094494,SI12    ,ILLIA S.R.L.                                      ,AV. PTE. ILLIA 416,951532,20-147         ,20-147 - MONOCOMANDO DE COCINA SWIFT,40,40,40,23823114,300926211953325,186778276,,,,02/19/2032 00:00:00,10,14209362,01/10/2026 06:19:53,Mirko,Hernandez,,,,,,Mirko Hernandez,
14538889,01/10/2026 06:23:08,3,2,0001  216569-1,05,CAMIONETA VIE 2,2094494,SI12    ,ILLIA S.R.L.                                      ,AV. PTE. ILLIA 416,951532,20-147         ,20-147 - MONOCOMANDO DE COCINA SWIFT,40,40,40,23823118,300926212002335,186778287,,,,02/19/2032 00:00:00,10,14209365,01/10/2026 06:20:02,Mirko,Hernandez,,,,,,Mirko Hernandez,
14538889,01/10/2026 06:23:08,3,2,0001  216569-1,05,CAMIONETA VIE 2,2094494,SI12    ,ILLIA S.R.L.                                      ,AV. PTE. ILLIA 416,951532,20-147         ,20-147 - MONOCOMANDO DE COCINA SWIFT,40,40,40,23823127,300926212016035,186581425,,,,02/19/2032 00:00:00,10,14209368,01/10/2026 06:20:16,Mirko,Hernandez,,,,,,Mirko Hernandez,
14538889,01/10/2026 06:23:08,3,2,0001  216569-1,05,CAMIONETA VIE 2,2094494,SI12    ,ILLIA S.R.L.                                      ,AV. PTE. ILLIA 416,951535,20-160         ,20-160 - MONOCOMANDO MESADA COCINA DIQUE,32,32,32,23823081,300926211723146,186778112,,,,07/28/2031 00:00:00,8,14209340,01/10/2026 06:17:23,Mirko,Hernandez,,,,,,Mirko Hernandez,
14538889,01/10/2026 06:23:08,3,2,0001  216569-1,05,CAMIONETA VIE 2,2094494,SI12    ,ILLIA S.R.L.                                      ,AV. PTE. ILLIA 416,951535,20-160         ,20-160 - MONOCOMANDO MESADA COCINA DIQUE,32,32,32,23823083,300926211732779,186778126,,,,07/28/2031 00:00:00,8,14209342,01/10/2026 06:17:32,Mirko,Hernandez,,,,,,Mirko Hernandez,
14538889,01/10/2026 06:23:08,3,2,0001  216569-1,05,CAMIONETA VIE 2,2094494,SI12    ,ILLIA S.R.L.                                      ,AV. PTE. ILLIA 416,951535,20-160         ,20-160 - MONOCOMANDO MESADA COCINA DIQUE,32,32,32,23823086,300926211752571,186778149,,,,07/28/2031 00:00:00,8,14209345,01/10/2026 06:17:52,Mirko,Hernandez,,,,,,Mirko Hernandez,
14538889,01/10/2026 06:23:08,3,2,0001  216569-1,05,CAMIONETA VIE 2,2094494,SI12    ,ILLIA S.R.L.                                      ,AV. PTE. ILLIA 416,951535,20-160         ,20-160 - MONOCOMANDO MESADA COCINA DIQUE,32,32,32,23823087,300926211807672,186578206,,,,07/28/2031 00:00:00,8,14209346,01/10/2026 06:18:07,Mirko,Hernandez,,,,,,Mirko Hernandez,
14538889,01/10/2026 06:23:08,3,2,0001  216569-1,05,CAMIONETA VIE 2,2094494,SI12    ,ILLIA S.R.L.                                      ,AV. PTE. ILLIA 416,951565,20-205         ,20-205 - MONOCOMANDO DE COCINA STEEL,6,6,6,23823161,300926212206885,186585281,,,,07/28/2031 00:00:00,6,14209381,01/10/2026 06:22:06,Mirko,Hernandez,,,,,,Mirko Hernandez,
14538889,01/10/2026 06:23:08,3,2,0001  216569-1,05,CAMIONETA VIE 2,2094494,SI12    ,ILLIA S.R.L.                                      ,AV. PTE. ILLIA 416,952596,60-100G        ,60-100G - LAVATORIO GOLD C.CERAM FABRIC,2,2,2,23814833,300926154110061,186598119,,,,11/10/2031 00:00:00,2,14204041,30/09/2026 15:41:10,Maximiliano,Nievas,,,,,,Maximiliano Nievas,
14538889,01/10/2026 06:23:08,3,2,0001  216569-1,05,CAMIONETA VIE 2,2094494,SI12    ,ILLIA S.R.L.                                      ,AV. PTE. ILLIA 416,952645,60-175GR       ,60-175GR - LAVATORIO PULSE GRAFITO C.CERAM,2,2,2,23814833,300926154110061,186603401,,,,07/31/2031 00:00:00,2,14204041,30/09/2026 15:41:10,Maximiliano,Nievas,,,,,,Maximiliano Nievas,
14538889,01/10/2026 06:23:08,3,2,0001  216569-1,05,CAMIONETA VIE 2,2094494,SI12    ,ILLIA S.R.L.                                      ,AV. PTE. ILLIA 416,952679,60-205         ,60-205 - LAVATORIO MONOC BAJO STEEL,2,2,2,23797373,300926212305470,186585709,,,,07/28/2031 00:00:00,2,14209338,01/10/2026 06:23:05,Mirko,Hernandez,25052747,30/09/2026 10:43:14,7636,Kevin,Arce,Mirko Hernandez,Kevin Arce
14538889,01/10/2026 06:23:08,3,2,0001  216569-1,05,CAMIONETA VIE 2,2094494,SI12    ,ILLIA S.R.L.                                      ,AV. PTE. ILLIA 416,952874,70-100G        ,70-100G - BIDE GOLD C.CERAM FABRIC,2,2,2,23798897,300926154119243,186598588,,,,07/29/2031 00:00:00,2,14204011,30/09/2026 15:41:19,Maximiliano,Nievas,25054199,30/09/2026 11:31:47,7636,Kevin,Arce,Maximiliano Nievas,Kevin Arce
14538889,01/10/2026 06:23:08,3,2,0001  216569-1,05,CAMIONETA VIE 2,2094494,SI12    ,ILLIA S.R.L.                                      ,AV. PTE. ILLIA 416,952923,70-175GR       ,70-175GR - BIDE PULSE GRAFITO C.CERAM,2,2,2,23798897,300926154119243,186603772,,,,07/31/2031 00:00:00,2,14204011,30/09/2026 15:41:19,Maximiliano,Nievas,25054199,30/09/2026 11:31:47,7636,Kevin,Arce,Maximiliano Nievas,Kevin Arce
14538889,01/10/2026 06:23:08,3,2,0001  216569-1,05,CAMIONETA VIE 2,2094494,SI12    ,ILLIA S.R.L.                                      ,AV. PTE. ILLIA 416,952956,70-205         ,70-205 - BIDE MONOCOMANDO STEEL,2,2,2,23797373,300926212305470,186586065,,,,11/23/2031 00:00:00,2,14209338,01/10/2026 06:23:05,Mirko,Hernandez,25052747,30/09/2026 10:43:14,7636,Kevin,Arce,Mirko Hernandez,Kevin Arce
14538889,01/10/2026 06:23:08,3,2,0001  216569-1,05,CAMIONETA VIE 2,2094494,SI12    ,ILLIA S.R.L.                                      ,AV. PTE. ILLIA 416,953071,80-100G        ,80-100G - DUCHA EMB. C/TRANSF. GOLD C.CERAM FABRIC,2,2,2,23814822,300926154052521,186599722,,,,01/05/2032 00:00:00,2,14204025,30/09/2026 15:40:52,Maximiliano,Nievas,,,,,,Maximiliano Nievas,
14538889,01/10/2026 06:23:08,3,2,0001  216569-1,05,CAMIONETA VIE 2,2094494,SI12    ,ILLIA S.R.L.                                      ,AV. PTE. ILLIA 416,953346,85-168         ,85-168 - DUCHA MONOC C/TRANSF Y DUCHADOR CR WAVE,2,2,2,23814819,300926154044897,186602558,,,,03/08/2032 00:00:00,2,14204021,30/09/2026 15:40:44,Maximiliano,Nievas,,,,,,Maximiliano Nievas,
14538889,01/10/2026 06:23:08,3,2,0001  216569-1,05,CAMIONETA VIE 2,2094494,SI12    ,ILLIA S.R.L.                                      ,AV. PTE. ILLIA 416,951512,20-122         ,MONOCOMANDO COCINA CR C/PICO EXTRAIBLE VALENCIA                       ,36,36,36,23823109,300926211931016,186584066,,,,08/06/2031 00:00:00,6,14209359,01/10/2026 06:19:31,Mirko,Hernandez,,,,,,Mirko Hernandez,
