AreaDescripcion;Ubicacion;Fabricante;ArticuloCodigo;ArticuloDescripcion;Lote;FechaVencimiento;Días al vencimiento ;Cantidad;ContenedorNumero;EstadoDescripcion;Bultos;UnidadesSueltas;Critico
PREPARACION;PRE-001-001-001;;10005BL        ;SET DE 5 PIEZAS LINEA 10000 BLACK                                     ;;28/7/2031;1805;10;CARRO96;Activo;0;10;NO
PREPARACION;PRE-001-001-001;;11050;JABONERA LINEA 11000                                                  ;;28/7/2031;1805;16;CARRO96;Activo;0;16;NO
PREPARACION;PRE-001-001-001;;12005;SET DE 5 PIEZAS LINEA 12000                                           ;;30/7/2031;1807;30;CARRO96;Activo;0;30;NO
PREPARACION;PRE-001-001-001;;16030;16030 - PERCHA LINEA 16000;;27/7/2031;1804;50;CARRO24;Activo;0;50;NO
PREPARACION;PRE-001-001-001;;16040;16040 - PORTA ROLLO ACCESORIOS LINEA 16000;;30/7/2031;1807;30;CARRO24;Activo;0;30;NO
PREPARACION;PRE-001-001-001;;17010N         ;17010N - TOALLERO BARRAL LINEA FABRIC BLACK;;29/7/2031;1806;10;CARRO24;Activo;0;10;NO
PREPARACION;PRE-001-001-001;;17020N         ;17020N - TOALLERO DE ARO LINEA FABRIC BLACK;;29/7/2031;1806;20;CARRO24;Activo;0;20;NO
PREPARACION;PRE-001-001-001;;19010;19010 - TOALLERO BARRAL LINEA 19000;;30/7/2031;1807;6;CARRO42;Activo;0;6;NO
PREPARACION;PRE-001-001-001;;19020;19020 - TOALLERO DE ARO LINEA 19000;;29/7/2031;1806;6;CARRO42;Activo;0;6;NO
PREPARACION;PRE-001-001-001;;19030;19030 - PERCHA LINEA 19000;;29/7/2031;1806;12;CARRO42;Activo;0;12;NO
PREPARACION;PRE-001-001-001;;19050;19050 - JABONERA LINEA 19000;;10/11/2031;1910;12;CARRO80;Activo;0;12;NO
PREPARACION;PRE-001-001-001;;20-121         ;20-121 - COCINA MSDA MONOC.P. REDONDO MARBELLA;;30/7/2031;1807;15;CARRO26;Activo;0;15;NO
PREPARACION;PRE-001-001-001;;20-122N        ;20-122N - MONOCOMANDO COCINA C/PICO EXTRAIBLE VALENCIA BLACK;;6/8/2031;1814;4;CARRO8;Activo;0;4;NO
PREPARACION;PRE-001-001-001;;20-134         ;20-134 - MONOCOMANDO COCINA BETIS;;11/8/2031;1819;10;CARRO69;Activo;0;10;NO
PREPARACION;PRE-001-001-001;;20-140         ;20-140 - MONOCOMANDO DE COCINA LINEA CUINA;;7/10/2031;1876;10;CARRO96;Activo;0;10;NO
PREPARACION;PRE-001-001-001;;20-140N        ;20-140N - MONOCOMANDO DE COCINA LINEA CUINA BLACK;;29/7/2031;1806;10;CARRO80;Activo;0;10;NO
PREPARACION;PRE-001-001-001;;20-160         ;20-160 - MONOCOMANDO MESADA COCINA DIQUE;;28/7/2031;1805;48;CARRO69;Activo;0;48;NO
PREPARACION;PRE-001-001-001;;20-160         ;20-160 - MONOCOMANDO MESADA COCINA DIQUE;;28/7/2031;1805;8;CARRO8;Activo;0;8;NO
PREPARACION;PRE-001-001-001;;20-162         ;20-162 - MONOCOMANDO COCINA ADRA;;28/7/2031;1805;30;CARRO24;Activo;0;30;NO
PREPARACION;PRE-001-001-001;;20-162N        ;MONOCOMANDO COCINA BLACK ADRA                                         ;;28/7/2031;1805;50;CARRO24;Activo;0;50;NO
PREPARACION;PRE-001-001-001;;20-205         ;20-205 - MONOCOMANDO DE COCINA STEEL;;28/7/2031;1805;12;CARRO42;Activo;0;12;NO
PREPARACION;PRE-001-001-001;;3006;3006 - SET DE 6 PIEZAS LINEA 3000;;29/7/2031;1806;6;CARRO30;Activo;0;6;NO
PREPARACION;PRE-001-001-001;;30-132         ;30-132 - COCINA MESADA MONOC. C/DUCHADOR EXTENSIBLE VIGO;;28/7/2031;1805;10;CARRO24;Activo;0;10;NO
PREPARACION;PRE-001-001-001;;50-026         ;50-026 - JGO.MDA.P.FUNDIDO MURCIA PLUS;;12/1/2032;1973;10;CARRO26;Activo;0;10;NO
PREPARACION;PRE-001-001-001;;51-058         ;51-058 - COCINA MESADA CR C.STD MALBA;;19/10/2031;1888;31;CARRO16;Activo;0;31;NO
PREPARACION;PRE-001-001-001;;51-059         ;51-059 - COCINA MESADA BL/CR C.STD MALBA;;13/12/2031;1943;9;CARRO16;Activo;0;9;NO
PREPARACION;PRE-001-001-001;;51-059         ;51-059 - COCINA MESADA BL/CR C.STD MALBA;;13/12/2031;1943;4;CARRO8;Activo;0;4;NO
PREPARACION;PRE-001-001-001;;51-122         ;51-122 - MESADA BIMANDO CR C.CERAM VALENCIA;;3/1/2032;1964;3;CARRO16;Activo;0;3;NO
PREPARACION;PRE-001-001-001;;53-023         ;53-023 - COCINA PARED EXT. P.ALTO BL/CR ARES PLUS;;26/11/2031;1926;30;CARRO30;Activo;0;30;NO
PREPARACION;PRE-001-001-001;;54-130         ;54-130 - MONOCOMANDO COCINA PARED EXT BILBAO;;27/7/2031;1804;6;CARRO69;Activo;0;6;NO
PREPARACION;PRE-001-001-001;;54-203         ;COCINA PARED EXT C.CERAM ADRA MONOCOMANDO                             ;;29/7/2031;1806;40;CARRO24;Activo;0;40;NO
PREPARACION;PRE-001-001-001;;55-001         ;"55-001 - COCINA PARED EMBUTIR PICO ALTO ""CROMO Y""";;12/10/2031;1881;20;CARRO80;Activo;0;20;NO
PREPARACION;PRE-001-001-001;;60-023         ;60-023 - LAVATORIO BL/CR ARES PLUS;;19/10/2031;1888;10;CARRO30;Activo;0;10;NO
PREPARACION;PRE-001-001-001;;60-025         ;60-025 - LAVATORIO BLANCO BASICA PLUS;;29/10/2031;1898;30;CARRO26;Activo;0;30;NO
PREPARACION;PRE-001-001-001;;60-057         ;60-057 - LAVATORIO C.STD VERIN PLUS;;26/11/2031;1926;10;CARRO13;Activo;0;10;NO
PREPARACION;PRE-001-001-001;;60-059LT       ;LAVATORIO BL/CR C.STD MALBA LITE                                      ;;18/1/2032;1979;15;CARRO80;Activo;0;15;NO
PREPARACION;PRE-001-001-001;;60-100N        ;60-100N - LAVATORIO BLACK C.CERAM FABRIC;;1/12/2031;1931;4;CARRO16;Activo;0;4;NO
PREPARACION;PRE-001-001-001;;60-122N        ;LAVATORIO BLACK C.CERAM VALENCIA                                      ;;8/10/2031;1877;24;CARRO80;Activo;0;24;NO
PREPARACION;PRE-001-001-001;;60-131         ;60-131 - LAVATORIO C.CERAM CR MALLORCA;;30/11/2031;1930;5;CARRO1;Activo;0;5;NO
PREPARACION;PRE-001-001-001;;60-131         ;60-131 - LAVATORIO C.CERAM CR MALLORCA;;30/11/2031;1930;5;CARRO8;Activo;0;5;NO
PREPARACION;PRE-001-001-001;;60-133         ;60-133 - LAVATORIO MONOCOMANDO LUGO;;29/7/2031;1806;10;CARRO26;Activo;0;10;NO
PREPARACION;PRE-001-001-001;;60-136         ;60-136 - LAVATORIO C.CERAM CR MARBELLA PLUS;;25/10/2031;1894;5;CARRO69;Activo;0;5;NO
PREPARACION;PRE-001-001-001;;60-138         ;60-138 - LAVATORIO C.CERAM CR VALENCIA PLUS;;8/10/2031;1877;15;CARRO69;Activo;0;15;NO
PREPARACION;PRE-001-001-001;;60-153         ;60-153 - LAVATORIO CR C.CERAMICO CASTILLA;;27/9/2031;1866;4;CARRO16;Activo;0;4;NO
PREPARACION;PRE-001-001-001;;60-153         ;60-153 - LAVATORIO CR C.CERAMICO CASTILLA;;27/9/2031;1866;10;CARRO24;Activo;0;10;NO
PREPARACION;PRE-001-001-001;;60-183         ;LAVATORIO MONOCOMANDO BAJO MAT                                        ;;2/11/2031;1902;20;CARRO24;Activo;0;20;NO
PREPARACION;PRE-001-001-001;;60-194         ;60-194 - LAVATORIO CR C.CERAM LINEA LARA;;14/1/2032;1975;15;CARRO13;Activo;0;15;NO
PREPARACION;PRE-001-001-001;;60-203         ;60-203 - LAVATORIO MONOCOMANDO BAJO ADRA;;4/1/2032;1965;3;CARRO8;Activo;0;3;NO
PREPARACION;PRE-001-001-001;;60-205         ;60-205 - LAVATORIO MONOC BAJO STEEL;;27/7/2031;1804;4;CARRO8;Activo;0;4;NO
PREPARACION;PRE-001-001-001;;60-205         ;60-205 - LAVATORIO MONOC BAJO STEEL;;27/7/2031;1804;21;CARRO42;Activo;0;21;NO
PREPARACION;PRE-001-001-001;;61-169N        ;61-169N - LAVATORIO MONOC ALTO BLACK PARIS;;6/1/2032;1967;56;CARRO80;Activo;0;56;NO
PREPARACION;PRE-001-001-001;;61-203         ;61-203 - LAVATORIO MONOCOMANDO ALTO ADRA;;4/1/2032;1965;30;CARRO24;Activo;0;30;NO
PREPARACION;PRE-001-001-001;;61-203N        ;LAVATORIO MONOCOMANDO ALTO ADRA BLACK                                 ;;21/12/2031;1951;50;CARRO24;Activo;0;50;NO
PREPARACION;PRE-001-001-001;;61-205         ;61-205 - LAVATORIO MONOC ALTO STEEL;;28/7/2031;1805;6;CARRO8;Activo;0;6;NO
PREPARACION;PRE-001-001-001;;61-205         ;61-205 - LAVATORIO MONOC ALTO STEEL;;28/7/2031;1805;23;CARRO42;Activo;0;23;NO
PREPARACION;PRE-001-001-001;;62-100G        ;62-100G - LAVATORIO DE PARED GOLD C.CERAM FABRIC;;20/12/2031;1950;10;CARRO24;Activo;0;10;NO
PREPARACION;PRE-001-001-001;;62-153         ;62-153 - LAVATORIO PARED EMB. C.CERAM CASTILLA;;29/7/2031;1806;30;CARRO24;Activo;0;30;NO
PREPARACION;PRE-001-001-001;;62-162         ;62-162 - LAVATORIO DE PARED CR C.CERAM ADRA;;31/7/2031;1808;20;CARRO24;Activo;0;20;NO
PREPARACION;PRE-001-001-001;;62-162N        ;62-162N - LAVATORIO DE PARED BLACK C.CERAM ADRA;;29/10/2031;1898;50;CARRO24;Activo;0;50;NO
PREPARACION;PRE-001-001-001;;63-183         ;LAVATORIO PARED EMB MONOCOMANDO MAT                                   ;;2/11/2031;1902;20;CARRO24;Activo;0;20;NO
PREPARACION;PRE-001-001-001;;70-013         ;70-013 - BIDE CR SEVILLA;;1/11/2031;1901;20;CARRO30;Activo;0;20;NO
PREPARACION;PRE-001-001-001;;70-023         ;70-023 - BIDE BL/CR ARES PLUS;;8/10/2031;1877;10;CARRO26;Activo;0;10;NO
PREPARACION;PRE-001-001-001;;70-025         ;70-025 - BIDE BLANCO BASICA PLUS;;19/11/2031;1919;20;CARRO26;Activo;0;20;NO
PREPARACION;PRE-001-001-001;;70-057         ;70-057 - BIDE C.STD VERIN PLUS;;16/12/2031;1946;10;CARRO13;Activo;0;10;NO
PREPARACION;PRE-001-001-001;;70-059LT       ;BIDE BL/CR C.STD MALBA LITE                                           ;;10/12/2031;1940;20;CARRO80;Activo;0;20;NO
PREPARACION;PRE-001-001-001;;70-100G        ;70-100G - BIDE GOLD C.CERAM FABRIC;;29/7/2031;1806;10;CARRO24;Activo;0;10;NO
PREPARACION;PRE-001-001-001;;70-100N        ;70-100N - BIDE BLACK C.CERAM FABRIC;;29/7/2031;1806;10;CARRO24;Activo;0;10;NO
PREPARACION;PRE-001-001-001;;70-122N        ;BIDE BLACK C.CERAM VALENCIA                                           ;;8/10/2031;1877;6;CARRO8;Activo;0;6;NO
PREPARACION;PRE-001-001-001;;70-122N        ;BIDE BLACK C.CERAM VALENCIA                                           ;;8/10/2031;1877;36;CARRO80;Activo;0;36;NO
PREPARACION;PRE-001-001-001;;70-136         ;70-136 - BIDE C.CERAM CR MARBELLA PLUS;;28/10/2031;1897;15;CARRO69;Activo;0;15;NO
PREPARACION;PRE-001-001-001;;70-138         ;70-138 - BIDE C.CERAM CR VALENCIA PLUS;;18/8/2031;1826;15;CARRO69;Activo;0;15;NO
PREPARACION;PRE-001-001-001;;70-153         ;70-153 - BIDE CR C.CERAM CASTILLA;;26/8/2031;1834;20;CARRO24;Activo;0;20;NO
PREPARACION;PRE-001-001-001;;70-194         ;70-194 - BIDE CR C.CERAM LINEA LARA;;27/7/2031;1804;5;CARRO13;Activo;0;5;NO
PREPARACION;PRE-001-001-001;;70-205         ;70-205 - BIDE MONOCOMANDO STEEL;;8/11/2031;1908;7;CARRO42;Activo;0;7;NO
PREPARACION;PRE-001-001-001;;80-025         ;80-025 - DUCHA EMB.C/TRANSF.BL BASICA PLUS;;28/7/2031;1805;20;CARRO26;Activo;0;20;NO
PREPARACION;PRE-001-001-001;;80-057         ;80-057 - DUCHA EMB. C/TRANSF. C.STD VERIN PLUS;;26/11/2031;1926;10;CARRO13;Activo;0;10;NO
PREPARACION;PRE-001-001-001;;80-057         ;80-057 - DUCHA EMB. C/TRANSF. C.STD VERIN PLUS;;26/11/2031;1926;10;CARRO8;Activo;0;10;NO
PREPARACION;PRE-001-001-001;;80-059         ;80-059 - DUCHA EMB. C/TRANSF.BL/CR C.STD MALBA;;8/12/2031;1938;5;CARRO16;Activo;0;5;NO
PREPARACION;PRE-001-001-001;;8010;8010 - TOALLERO BARRAL LINEA 8000;;27/7/2031;1804;40;CARRO96;Activo;0;40;NO
PREPARACION;PRE-001-001-001;;80-100G        ;80-100G - DUCHA EMB. C/TRANSF. GOLD C.CERAM FABRIC;;8/10/2031;1877;10;CARRO24;Activo;0;10;NO
PREPARACION;PRE-001-001-001;;80-100N        ;80-100N - DUCHA EMB. C/TRANSF. BLACK C.CERAM FABRIC;;29/10/2031;1898;10;CARRO24;Activo;0;10;NO
PREPARACION;PRE-001-001-001;;80-122N        ;DUCHA EMB. C/TRANSF. BLACK C.CERAM VALENCIA                           ;;3/1/2032;1964;36;CARRO80;Activo;0;36;NO
PREPARACION;PRE-001-001-001;;80-131         ;80-131 - DUCHA EMB. C/TRANSF. CR C.CERAM MALLORCA;;25/10/2031;1894;4;CARRO1;Activo;0;4;NO
PREPARACION;PRE-001-001-001;;80-135         ;80-135 - DUCHA EMB. C/TRANSF. C.CERAM SANTANDER;;4/10/2031;1873;6;CARRO16;Activo;0;6;NO
PREPARACION;PRE-001-001-001;;80-136         ;80-136 - DUCHA EMB. C/TRANSF. CR C.C. MARBELLA PLUS;;29/10/2031;1898;20;CARRO69;Activo;0;20;NO
PREPARACION;PRE-001-001-001;;80-138         ;80-138 - DUCHA EMB. C/TRANSF. CR C.CERAM VALENCIA PLUS;;29/12/2031;1959;12;CARRO69;Activo;0;12;NO
PREPARACION;PRE-001-001-001;;80-153         ;80-153 - DUCHA EMB. C/TRANSF. CR C.CERAM CASTILLA;;2/9/2031;1841;6;CARRO16;Activo;0;6;NO
PREPARACION;PRE-001-001-001;;80-153         ;80-153 - DUCHA EMB. C/TRANSF. CR C.CERAM CASTILLA;;2/9/2031;1841;20;CARRO24;Activo;0;20;NO
PREPARACION;PRE-001-001-001;;80-194         ;80-194 - DUCHA EMB. C/TRANSF. CR C.CERAM LARA;;27/7/2031;1804;4;CARRO13;Activo;0;4;NO
PREPARACION;PRE-001-001-001;;80-205         ;80-205 - DUCHA EMB. C/TRANSF. MONOC STEEL;;11/8/2031;1819;2;CARRO42;Activo;0;2;NO
PREPARACION;PRE-001-001-001;;8030;8030 - PERCHA LINEA 8000;;29/7/2031;1806;30;CARRO96;Activo;0;30;NO
PREPARACION;PRE-001-001-001;;80-329         ;80-329 - DUCHA DE EMB 3 FUNCIONES CASTILLA;;21/12/2031;1951;20;CARRO24;Activo;0;20;NO
PREPARACION;PRE-001-001-001;;8040;8040 - PORTA ROLLO LINEA 8000;;27/8/2031;1835;30;CARRO96;Activo;0;30;NO
PREPARACION;PRE-001-001-001;;8060;8060 - PORTA CEPILLO LINEA 8000;;27/7/2031;1804;8;CARRO96;Activo;0;8;NO
PREPARACION;PRE-001-001-001;;81-023         ;81-023 - DUCHA EMB. S/TRANSF. BL/CR ARES PLUS;;29/7/2031;1806;5;CARRO26;Activo;0;5;NO
PREPARACION;PRE-001-001-001;;81-100G        ;81-100G - DUCHA EMB S/TRANSF GOLD C.CERAM FABRIC;;13/11/2031;1913;10;CARRO24;Activo;0;10;NO
PREPARACION;PRE-001-001-001;;81-100N        ;DUCHA EMB. S/TRANSF. BLACK C.CERAM FABRIC                             ;;3/1/2032;1964;10;CARRO24;Activo;0;10;NO
PREPARACION;PRE-001-001-001;;83-133         ;83-133 - DUCHA EXT. C/TRANSF. MONOCOMANDO LUGO;;30/7/2031;1807;10;CARRO69;Activo;0;10;NO
PREPARACION;PRE-001-001-001;;83-203         ;83-203 - DUCHA EXT C/TRANSF. MONOCOMANDO ADRA;;29/7/2031;1806;9;CARRO42;Activo;0;9;NO
PREPARACION;PRE-001-001-001;;85-153         ;85-153 - DUCHA EMB C/TRANSF Y DUCHADOR CR C.CERAM CASTILLA;;16/11/2031;1916;20;CARRO24;Activo;0;20;NO
PREPARACION;PRE-001-001-001;;90-013         ;90-013 - PACK GRIF.CR SEVILLA (Lavatorio-Bide-Ducha c/t);;20/12/2031;1950;4;CARRO96;Activo;0;4;NO
PREPARACION;PRE-001-001-001;;90-025         ;90-025 - PACK GRIF BL BASICA PLUS (Lavatorio-Bide-Ducha c/t;;27/7/2031;1804;8;CARRO26;Activo;0;8;NO
PREPARACION;PRE-001-001-001;;90-057         ;90-057 - PACK GRIF.VERIN PLUS (Lavatorio-Bide-Ducha c/t);;6/8/2031;1814;8;CARRO16;Activo;0;8;NO
PREPARACION;PRE-001-001-001;;90-166         ;90-166 - PACK GRIF. ADRA PLUS (Lav-Bide-Ducha c/t Plus);;8/11/2031;1908;40;CARRO24;Activo;0;40;NO
PREPARACION;PRE-001-001-001;;90-166N        ;90-166N - PACK GRIF. ADRA BLACK PLUS  (Lav-Bide-Ducha c/t Plus);;10/12/2031;1940;50;CARRO24;Activo;0;50;NO
PREPARACION;PRE-001-001-001;;A019           ;SOPORTE P/DUCHADOR CROMO C/BLISTER                                    ;;28/7/2031;1805;15;CARRO26;Activo;0;15;NO
PREPARACION;PRE-001-001-001;;A813           ;A813 - DUCHA C/BRAZO Y CAMPANA CR 3 FUNCIONES;;27/7/2031;1804;28;CARRO30;Activo;0;28;NO
PREPARACION;PRE-001-001-001;;A814           ;A814 - DUCHA C/BRAZO Y CAMPANA CR;;13/8/2031;1821;20;CARRO30;Activo;0;20;NO
PREPARACION;PRE-001-001-001;;A815           ;"A815 - DUCHA 8"" C/BRAZO Y CAMPANA CR";;28/7/2031;1805;6;CARRO30;Activo;0;6;NO
PREPARACION;PRE-001-001-001;;A816           ;"A816 - DUCHA 6"" C/BRAZO Y CAMPANA CR";;27/7/2031;1804;10;CARRO8;Activo;0;10;NO
PREPARACION;PRE-001-001-001;;A816           ;"A816 - DUCHA 6"" C/BRAZO Y CAMPANA CR";;27/7/2031;1804;4;CARRO30;Activo;0;4;NO
PREPARACION;PRE-001-001-001;;A819           ;A819 - DUCHADOR ANTICALCAREO C/FLEXIBLE Y SOPORTE;;27/7/2031;1804;12;CARRO30;Activo;0;12;NO
PREPARACION;PRE-001-001-001;;A843           ;A843 - DUCHADOR ANTICALCAREO 5F C/BARRAL,SOP,FLEX,JABONER;;28/7/2031;1805;10;CARRO30;Activo;0;10;NO
PREPARACION;PRE-001-001-001;;A996           ;A996 - DUCHA 8' CUADRADA CR C/BRAZO Y CAMPANA;;28/7/2031;1805;30;CARRO24;Activo;0;30;NO
PREPARACION;PRE-001-001-001;;A996           ;A996 - DUCHA 8' CUADRADA CR C/BRAZO Y CAMPANA;;29/7/2031;1806;32;CARRO96;Activo;0;32;NO
PREPARACION;PRE-001-001-001;;AB-001         ;AB-001 - AGARRADERA ACERO INOX CROMADO 30 CM SAFE;;28/7/2031;1805;10;CARRO13;Activo;0;10;NO
PREPARACION;PRE-001-001-001;;AB-002         ;AB-002 - AGARRADERA ACERO INOX CROMADO 40 CM SAFE;;28/7/2031;1805;5;CARRO13;Activo;0;5;NO
PREPARACION;PRE-001-001-001;;AB-003         ;AB-003 - AGARRADERA ACERO INOX CROMADO 50 CM SAFE;;27/7/2031;1804;5;CARRO13;Activo;0;5;NO
PREPARACION;PRE-001-001-001;;BCH01          ;BCH01 - BACHA DE APOYAR CIRCULAR 320x145;;28/7/2031;1805;6;CARRO13;Activo;0;6;NO
PREPARACION;PRE-001-001-001;;BCH07          ;BCH07 - BACHA DE APOYAR OVALADA 400x330x150;;30/7/2031;1807;14;CARRO16;Activo;0;14;NO
PREPARACION;PRE-001-001-001;;BCH18          ;BCH18 - BACHA DE APOYAR SIMIL MARMOL 460x320x140;;4/10/2031;1873;14;CARRO42;Activo;0;14;NO
PREPARACION;PRE-001-001-001;;BCH19          ;BACHA DE APOYAR BLANCA 365x235x120                                    ;;28/7/2031;1805;20;CARRO24;Activo;0;20;NO
PREPARACION;PRE-001-001-001;;BID102-1       ;BIDE 1 AGUJERO BLANCO LINEA LOFT                                      ;;19/11/2031;1919;4;CARRO40;Activo;0;4;NO
PREPARACION;PRE-001-001-001;;BID102-1       ;BIDE 1 AGUJERO BLANCO LINEA LOFT                                      ;;19/11/2031;1919;2;CARRO37;Activo;0;2;NO
PREPARACION;PRE-001-001-001;;BID102-3       ;BIDE 3 AGUJEROS BLANCO LINEA LOFT                                     ;;13/8/2031;1821;8;CARRO40;Activo;0;8;NO
PREPARACION;PRE-001-001-001;;BID103-3       ;BIDE 3 AGUJEROS BLANCO LINEA URBAN                                    ;;30/7/2031;1807;2;CARRO6;Activo;0;2;NO
PREPARACION;PRE-001-001-001;;INO102-1       ;INODORO BLANCO C/ASIENTO LINEA LOFT                                   ;;16/8/2031;1824;1;CARRO6;Activo;0;1;NO
PREPARACION;PRE-001-001-001;;INO102-1       ;INODORO BLANCO C/ASIENTO LINEA LOFT                                   ;;16/8/2031;1824;10;CARRO40;Activo;0;10;NO
PREPARACION;PRE-001-001-001;;INO102-1       ;INODORO BLANCO C/ASIENTO LINEA LOFT                                   ;;16/8/2031;1824;2;CARRO37;Activo;0;2;NO
PREPARACION;PRE-001-001-001;;INO102-2       ;DEPOSITO C/DESCARGA DUAL BLANCO LINEA LOFT                            ;;20/11/2031;1920;10;CARRO40;Activo;0;10;NO
PREPARACION;PRE-001-001-001;;INO102-2       ;DEPOSITO C/DESCARGA DUAL BLANCO LINEA LOFT                            ;;20/11/2031;1920;2;CARRO37;Activo;0;2;NO
PREPARACION;PRE-001-001-001;;INO102-2       ;DEPOSITO C/DESCARGA DUAL BLANCO LINEA LOFT                            ;;20/11/2031;1920;1;CARRO6;Activo;0;1;NO
PREPARACION;PRE-001-001-001;;INO103-1       ;INODORO BLANCO C/ASIENTO LINEA URBAN                                  ;;16/8/2031;1824;2;CARRO6;Activo;0;2;NO
PREPARACION;PRE-001-001-001;;INO103-2       ;DEPOSITO C/DESCARGA DUAL BLANCO LINEA URBAN                           ;;16/8/2031;1824;2;CARRO6;Activo;0;2;NO
PREPARACION;PRE-001-001-001;;LG02C20        ;MONOCOMANDO COCINA CR GINEBRA                                         ;;29/7/2031;1806;6;CARRO52;Activo;0;6;NO
PREPARACION;PRE-001-001-001;;LG02C20        ;MONOCOMANDO COCINA CR GINEBRA                                         ;;29/7/2031;1806;18;CARRO65;Activo;0;18;NO
PREPARACION;PRE-001-001-001;;LG02N20        ;MONOCOMANDO COCINA BLACK GINEBRA                                      ;;30/7/2031;1807;18;CARRO65;Activo;0;18;NO
PREPARACION;PRE-001-001-001;;LG02N20        ;MONOCOMANDO COCINA BLACK GINEBRA                                      ;;30/7/2031;1807;6;CARRO52;Activo;0;6;NO
